SYSTEM,229,PHE,sidechain,SYSTEM,249,PHE,sidechain,13.081056051901372
SYSTEM,229,PHE,sidechain,SYSTEM,253,GLN,sidechain,4.475179075738462
SYSTEM,232,LEU,sidechain,SYSTEM,249,PHE,sidechain,4.481142145480989
SYSTEM,233,TYR,sidechain,SYSTEM,245,LEU,sidechain,2.7163575577626013
SYSTEM,233,TYR,sidechain,SYSTEM,246,ASP,sidechain,6.606888822890264
SYSTEM,233,TYR,sidechain,SYSTEM,249,PHE,sidechain,4.219971599876337
SYSTEM,236,ASP,sidechain,SYSTEM,241,ARG,sidechain,14.109328818550033
SYSTEM,238,ASP,sidechain,SYSTEM,241,ARG,sidechain,5.109707933436939
SYSTEM,241,ARG,sidechain,SYSTEM,236,ASP,sidechain,14.109328818550033
SYSTEM,241,ARG,sidechain,SYSTEM,238,ASP,sidechain,5.109707933436939
SYSTEM,241,ARG,sidechain,SYSTEM,271,ASP,sidechain,10.710416459956283
SYSTEM,241,ARG,sidechain,SYSTEM,273,PHE,sidechain,11.056889364341774
SYSTEM,244,PHE,sidechain,SYSTEM,273,PHE,sidechain,10.927944203530815
SYSTEM,244,PHE,sidechain,SYSTEM,276,TYR,sidechain,8.708552489558155
SYSTEM,244,PHE,sidechain,SYSTEM,325,TYR,sidechain,5.081130507341999
SYSTEM,245,LEU,sidechain,SYSTEM,233,TYR,sidechain,2.7163575577626013
SYSTEM,245,LEU,sidechain,SYSTEM,249,PHE,sidechain,5.653078831058959
SYSTEM,246,ASP,sidechain,SYSTEM,233,TYR,sidechain,6.606888822890264
SYSTEM,247,ASP,sidechain,SYSTEM,325,TYR,sidechain,8.607556306175864
SYSTEM,247,ASP,sidechain,SYSTEM,329,LYS,sidechain,6.036072261393436
SYSTEM,248,LEU,sidechain,SYSTEM,325,TYR,sidechain,6.206697198126439
SYSTEM,249,PHE,sidechain,SYSTEM,229,PHE,sidechain,13.081056051901372
SYSTEM,249,PHE,sidechain,SYSTEM,232,LEU,sidechain,4.481142145480989
SYSTEM,249,PHE,sidechain,SYSTEM,233,TYR,sidechain,4.219971599876337
SYSTEM,249,PHE,sidechain,SYSTEM,245,LEU,sidechain,5.653078831058959
SYSTEM,251,PHE,sidechain,SYSTEM,255,ARG,sidechain,4.759031997018921
SYSTEM,251,PHE,sidechain,SYSTEM,325,TYR,sidechain,7.050055169099889
SYSTEM,251,PHE,sidechain,SYSTEM,328,GLU,sidechain,6.616153715511764
SYSTEM,252,MET,sidechain,SYSTEM,259,VAL,sidechain,3.7700460220454257
SYSTEM,252,MET,sidechain,SYSTEM,321,TYR,sidechain,3.387288001434332
SYSTEM,253,GLN,sidechain,SYSTEM,229,PHE,sidechain,4.475179075738462
SYSTEM,255,ARG,sidechain,SYSTEM,251,PHE,sidechain,4.759031997018921
SYSTEM,255,ARG,sidechain,SYSTEM,328,GLU,sidechain,8.884753052690888
SYSTEM,255,ARG,sidechain,SYSTEM,335,PRO,sidechain,10.227486657003032
SYSTEM,255,ARG,sidechain,SYSTEM,336,ASN,sidechain,7.307924682916762
SYSTEM,257,THR,sidechain,SYSTEM,339,GLN,sidechain,4.521833235199187
SYSTEM,259,VAL,sidechain,SYSTEM,252,MET,sidechain,3.7700460220454257
SYSTEM,259,VAL,sidechain,SYSTEM,321,TYR,sidechain,7.084836072428246
SYSTEM,262,ILE,sidechain,SYSTEM,269,VAL,sidechain,2.3085637461191606
SYSTEM,263,PRO,sidechain,SYSTEM,270,LEU,sidechain,3.7332595044814996
SYSTEM,263,PRO,sidechain,SYSTEM,317,GLN,sidechain,7.297733830059708
SYSTEM,265,MET,sidechain,SYSTEM,270,LEU,sidechain,2.993518699368309
SYSTEM,265,MET,sidechain,SYSTEM,303,LEU,sidechain,3.5531521424364794
SYSTEM,265,MET,sidechain,SYSTEM,313,THR,sidechain,2.9239922531106517
SYSTEM,269,VAL,sidechain,SYSTEM,262,ILE,sidechain,2.3085637461191606
SYSTEM,270,LEU,sidechain,SYSTEM,263,PRO,sidechain,3.7332595044814996
SYSTEM,270,LEU,sidechain,SYSTEM,265,MET,sidechain,2.993518699368309
SYSTEM,271,ASP,sidechain,SYSTEM,241,ARG,sidechain,10.710416459956283
SYSTEM,271,ASP,sidechain,SYSTEM,274,MET,sidechain,4.313892341739315
SYSTEM,273,PHE,sidechain,SYSTEM,241,ARG,sidechain,11.056889364341774
SYSTEM,273,PHE,sidechain,SYSTEM,244,PHE,sidechain,10.927944203530815
SYSTEM,273,PHE,sidechain,SYSTEM,277,VAL,sidechain,3.428863472886732
SYSTEM,274,MET,sidechain,SYSTEM,271,ASP,sidechain,4.313892341739315
SYSTEM,275,LEU,sidechain,SYSTEM,322,LEU,sidechain,2.669170019244333
SYSTEM,276,TYR,sidechain,SYSTEM,244,PHE,sidechain,8.708552489558155
SYSTEM,276,TYR,sidechain,SYSTEM,280,THR,sidechain,3.8130831121682243
SYSTEM,276,TYR,sidechain,SYSTEM,318,TYR,sidechain,2.8295172721984008
SYSTEM,276,TYR,sidechain,SYSTEM,322,LEU,sidechain,3.5362796606855604
SYSTEM,276,TYR,sidechain,SYSTEM,326,GLU,sidechain,6.659047352172362
SYSTEM,277,VAL,sidechain,SYSTEM,273,PHE,sidechain,3.428863472886732
SYSTEM,278,LEU,sidechain,SYSTEM,297,ILE,sidechain,3.017309164774828
SYSTEM,279,VAL,sidechain,SYSTEM,297,ILE,sidechain,2.0664949050064148
SYSTEM,279,VAL,sidechain,SYSTEM,318,TYR,sidechain,11.632235841999556
SYSTEM,280,THR,sidechain,SYSTEM,276,TYR,sidechain,3.8130831121682243
SYSTEM,285,LEU,sidechain,SYSTEM,318,TYR,sidechain,6.76961776863813
SYSTEM,285,LEU,sidechain,SYSTEM,323,TYR,sidechain,6.102461765441461
SYSTEM,287,GLU,sidechain,SYSTEM,291,LYS,sidechain,10.468588089993649
SYSTEM,288,VAL,sidechain,SYSTEM,294,TRP,sidechain,9.23727400766868
SYSTEM,289,ILE,sidechain,SYSTEM,294,TRP,sidechain,2.6570589065685635
SYSTEM,291,LYS,sidechain,SYSTEM,287,GLU,sidechain,10.468588089993649
SYSTEM,291,LYS,sidechain,SYSTEM,293,LEU,sidechain,3.593082224116803
SYSTEM,293,LEU,sidechain,SYSTEM,291,LYS,sidechain,3.593082224116803
SYSTEM,294,TRP,sidechain,SYSTEM,288,VAL,sidechain,9.23727400766868
SYSTEM,294,TRP,sidechain,SYSTEM,289,ILE,sidechain,2.6570589065685635
SYSTEM,294,TRP,sidechain,SYSTEM,315,ARG,sidechain,10.362710471518959
SYSTEM,297,ILE,sidechain,SYSTEM,278,LEU,sidechain,3.017309164774828
SYSTEM,297,ILE,sidechain,SYSTEM,279,VAL,sidechain,2.0664949050064148
SYSTEM,301,LEU,sidechain,SYSTEM,303,LEU,sidechain,2.926933002837427
SYSTEM,303,LEU,sidechain,SYSTEM,265,MET,sidechain,3.5531521424364794
SYSTEM,303,LEU,sidechain,SYSTEM,301,LEU,sidechain,2.926933002837427
SYSTEM,304,PRO,sidechain,SYSTEM,307,ILE,sidechain,3.0853594144630505
SYSTEM,307,ILE,sidechain,SYSTEM,304,PRO,sidechain,3.0853594144630505
SYSTEM,307,ILE,sidechain,SYSTEM,310,ALA,sidechain,1.9553949786955893
SYSTEM,310,ALA,sidechain,SYSTEM,307,ILE,sidechain,1.9553949786955893
SYSTEM,313,THR,sidechain,SYSTEM,265,MET,sidechain,2.9239922531106517
SYSTEM,315,ARG,sidechain,SYSTEM,294,TRP,sidechain,10.362710471518959
SYSTEM,317,GLN,sidechain,SYSTEM,263,PRO,sidechain,7.297733830059708
SYSTEM,317,GLN,sidechain,SYSTEM,321,TYR,sidechain,5.23958492305737
SYSTEM,318,TYR,sidechain,SYSTEM,276,TYR,sidechain,2.8295172721984008
SYSTEM,318,TYR,sidechain,SYSTEM,279,VAL,sidechain,11.632235841999556
SYSTEM,318,TYR,sidechain,SYSTEM,285,LEU,sidechain,6.76961776863813
SYSTEM,318,TYR,sidechain,SYSTEM,322,LEU,sidechain,9.595954726924408
SYSTEM,318,TYR,sidechain,SYSTEM,326,GLU,sidechain,3.4143504819810397
SYSTEM,321,TYR,sidechain,SYSTEM,252,MET,sidechain,3.387288001434332
SYSTEM,321,TYR,sidechain,SYSTEM,259,VAL,sidechain,7.084836072428246
SYSTEM,321,TYR,sidechain,SYSTEM,317,GLN,sidechain,5.23958492305737
SYSTEM,322,LEU,sidechain,SYSTEM,275,LEU,sidechain,2.669170019244333
SYSTEM,322,LEU,sidechain,SYSTEM,276,TYR,sidechain,3.5362796606855604
SYSTEM,322,LEU,sidechain,SYSTEM,318,TYR,sidechain,9.595954726924408
SYSTEM,323,TYR,sidechain,SYSTEM,285,LEU,sidechain,6.102461765441461
SYSTEM,323,TYR,sidechain,SYSTEM,327,CYS,sidechain,5.650973157841314
SYSTEM,323,TYR,sidechain,SYSTEM,338,LEU,sidechain,4.843008899075085
SYSTEM,324,PRO,sidechain,SYSTEM,339,GLN,sidechain,4.134749303596875
SYSTEM,325,TYR,sidechain,SYSTEM,244,PHE,sidechain,5.081130507341999
SYSTEM,325,TYR,sidechain,SYSTEM,247,ASP,sidechain,8.607556306175864
SYSTEM,325,TYR,sidechain,SYSTEM,248,LEU,sidechain,6.206697198126439
SYSTEM,325,TYR,sidechain,SYSTEM,251,PHE,sidechain,7.050055169099889
SYSTEM,325,TYR,sidechain,SYSTEM,329,LYS,sidechain,8.93083380798078
SYSTEM,326,GLU,sidechain,SYSTEM,276,TYR,sidechain,6.659047352172362
SYSTEM,326,GLU,sidechain,SYSTEM,318,TYR,sidechain,3.4143504819810397
SYSTEM,326,GLU,sidechain,SYSTEM,330,ARG,sidechain,7.5887953183167385
SYSTEM,327,CYS,sidechain,SYSTEM,323,TYR,sidechain,5.650973157841314
SYSTEM,327,CYS,sidechain,SYSTEM,338,LEU,sidechain,2.3986858181337833
SYSTEM,328,GLU,sidechain,SYSTEM,251,PHE,sidechain,6.616153715511764
SYSTEM,328,GLU,sidechain,SYSTEM,255,ARG,sidechain,8.884753052690888
SYSTEM,329,LYS,sidechain,SYSTEM,247,ASP,sidechain,6.036072261393436
SYSTEM,329,LYS,sidechain,SYSTEM,325,TYR,sidechain,8.93083380798078
SYSTEM,330,ARG,sidechain,SYSTEM,326,GLU,sidechain,7.5887953183167385
SYSTEM,330,ARG,sidechain,SYSTEM,332,LEU,sidechain,4.308414152392743
SYSTEM,332,LEU,sidechain,SYSTEM,330,ARG,sidechain,4.308414152392743
SYSTEM,334,ASN,sidechain,SYSTEM,336,ASN,sidechain,3.997905796499491
SYSTEM,334,ASN,sidechain,SYSTEM,337,GLU,sidechain,6.801221994797528
SYSTEM,335,PRO,sidechain,SYSTEM,255,ARG,sidechain,10.227486657003032
SYSTEM,336,ASN,sidechain,SYSTEM,255,ARG,sidechain,7.307924682916762
SYSTEM,336,ASN,sidechain,SYSTEM,334,ASN,sidechain,3.997905796499491
SYSTEM,337,GLU,sidechain,SYSTEM,334,ASN,sidechain,6.801221994797528
SYSTEM,338,LEU,sidechain,SYSTEM,323,TYR,sidechain,4.843008899075085
SYSTEM,338,LEU,sidechain,SYSTEM,327,CYS,sidechain,2.3986858181337833
SYSTEM,339,GLN,sidechain,SYSTEM,257,THR,sidechain,4.521833235199187
SYSTEM,339,GLN,sidechain,SYSTEM,324,PRO,sidechain,4.134749303596875
